"module name","license","repository"
"@babel/code-frame@7.25.7","MIT","https://github.com/babel/babel"
"@babel/generator@7.25.7","MIT","https://github.com/babel/babel"
"@babel/helper-module-imports@7.25.7","MIT","https://github.com/babel/babel"
"@babel/helper-string-parser@7.25.7","MIT","https://github.com/babel/babel"
"@babel/helper-validator-identifier@7.25.7","MIT","https://github.com/babel/babel"
"@babel/highlight@7.25.7","MIT","https://github.com/babel/babel"
"@babel/parser@7.25.7","MIT","https://github.com/babel/babel"
"@babel/runtime@7.23.2","MIT","https://github.com/babel/babel"
"@babel/template@7.25.7","MIT","https://github.com/babel/babel"
"@babel/traverse@7.25.7","MIT","https://github.com/babel/babel"
"@babel/types@7.25.7","MIT","https://github.com/babel/babel"
"@bufbuild/protobuf@1.3.3","(Apache-2.0 AND BSD-3-Clause)","https://github.com/bufbuild/protobuf-es"
"@chakra-ui/accordion@2.3.1","MIT","https://github.com/chakra-ui/chakra-ui"
"@chakra-ui/alert@2.2.2","MIT","https://github.com/chakra-ui/chakra-ui"
"@chakra-ui/anatomy@2.2.2","MIT","https://github.com/chakra-ui/chakra-ui"
"@chakra-ui/avatar@2.3.0","MIT","https://github.com/chakra-ui/chakra-ui"
"@chakra-ui/breadcrumb@2.2.0","MIT","https://github.com/chakra-ui/chakra-ui"
"@chakra-ui/breakpoint-utils@2.0.8","MIT","https://github.com/chakra-ui/chakra-ui"
"@chakra-ui/button@2.1.0","MIT","https://github.com/chakra-ui/chakra-ui"
"@chakra-ui/card@2.2.0","MIT","https://github.com/chakra-ui/chakra-ui"
"@chakra-ui/checkbox@2.3.2","MIT","https://github.com/chakra-ui/chakra-ui"
"@chakra-ui/clickable@2.1.0","MIT","https://github.com/chakra-ui/chakra-ui"
"@chakra-ui/close-button@2.1.1","MIT","https://github.com/chakra-ui/chakra-ui"
"@chakra-ui/color-mode@2.2.0","MIT","https://github.com/chakra-ui/chakra-ui"
"@chakra-ui/control-box@2.1.0","MIT","https://github.com/chakra-ui/chakra-ui"
"@chakra-ui/counter@2.1.0","MIT","https://github.com/chakra-ui/chakra-ui"
"@chakra-ui/css-reset@2.3.0","MIT","https://github.com/chakra-ui/chakra-ui"
"@chakra-ui/descendant@3.1.0","MIT","https://github.com/chakra-ui/chakra-ui"
"@chakra-ui/dom-utils@2.1.0","MIT","https://github.com/chakra-ui/chakra-ui"
"@chakra-ui/editable@3.1.0","MIT","https://github.com/chakra-ui/chakra-ui"
"@chakra-ui/event-utils@2.0.8","MIT","https://github.com/chakra-ui/chakra-ui"
"@chakra-ui/focus-lock@2.1.0","MIT","https://github.com/chakra-ui/chakra-ui"
"@chakra-ui/form-control@2.2.0","MIT","https://github.com/chakra-ui/chakra-ui"
"@chakra-ui/hooks@2.2.1","MIT","https://github.com/chakra-ui/chakra-ui"
"@chakra-ui/icon@3.2.0","MIT","https://github.com/chakra-ui/chakra-ui"
"@chakra-ui/icons@2.1.1","MIT","https://github.com/chakra-ui/chakra-ui"
"@chakra-ui/image@2.1.0","MIT","https://github.com/chakra-ui/chakra-ui"
"@chakra-ui/input@2.1.2","MIT","https://github.com/chakra-ui/chakra-ui"
"@chakra-ui/layout@2.3.1","MIT","https://github.com/chakra-ui/chakra-ui"
"@chakra-ui/lazy-utils@2.0.5","MIT","https://github.com/chakra-ui/chakra-ui"
"@chakra-ui/live-region@2.1.0","MIT","https://github.com/chakra-ui/chakra-ui"
"@chakra-ui/media-query@3.3.0","MIT","https://github.com/chakra-ui/chakra-ui"
"@chakra-ui/menu@2.2.1","MIT","https://github.com/chakra-ui/chakra-ui"
"@chakra-ui/modal@2.3.1","MIT","https://github.com/chakra-ui/chakra-ui"
"@chakra-ui/number-input@2.1.2","MIT","https://github.com/chakra-ui/chakra-ui"
"@chakra-ui/number-utils@2.0.7","MIT","https://github.com/chakra-ui/chakra-ui"
"@chakra-ui/object-utils@2.1.0","MIT","https://github.com/chakra-ui/chakra-ui"
"@chakra-ui/pin-input@2.1.0","MIT","https://github.com/chakra-ui/chakra-ui"
"@chakra-ui/popover@2.2.1","MIT","https://github.com/chakra-ui/chakra-ui"
"@chakra-ui/popper@3.1.0","MIT","https://github.com/chakra-ui/chakra-ui"
"@chakra-ui/portal@2.1.0","MIT","https://github.com/chakra-ui/chakra-ui"
"@chakra-ui/progress@2.2.0","MIT","https://github.com/chakra-ui/chakra-ui"
"@chakra-ui/provider@2.4.2","MIT","https://github.com/chakra-ui/chakra-ui"
"@chakra-ui/radio@2.1.2","MIT","https://github.com/chakra-ui/chakra-ui"
"@chakra-ui/react-children-utils@2.0.6","MIT","https://github.com/chakra-ui/chakra-ui"
"@chakra-ui/react-context@2.1.0","MIT","https://github.com/chakra-ui/chakra-ui"
"@chakra-ui/react-env@3.1.0","MIT","https://github.com/chakra-ui/chakra-ui"
"@chakra-ui/react-types@2.0.7","MIT","https://github.com/chakra-ui/chakra-ui"
"@chakra-ui/react-use-animation-state@2.1.0","MIT","https://github.com/chakra-ui/chakra-ui"
"@chakra-ui/react-use-callback-ref@2.1.0","MIT","https://github.com/chakra-ui/chakra-ui"
"@chakra-ui/react-use-controllable-state@2.1.0","MIT","https://github.com/chakra-ui/chakra-ui"
"@chakra-ui/react-use-disclosure@2.1.0","MIT","https://github.com/chakra-ui/chakra-ui"
"@chakra-ui/react-use-event-listener@2.1.0","MIT","https://github.com/chakra-ui/chakra-ui"
"@chakra-ui/react-use-focus-effect@2.1.0","MIT","https://github.com/chakra-ui/chakra-ui"
"@chakra-ui/react-use-focus-on-pointer-down@2.1.0","MIT","https://github.com/chakra-ui/chakra-ui"
"@chakra-ui/react-use-interval@2.1.0","MIT","https://github.com/chakra-ui/chakra-ui"
"@chakra-ui/react-use-latest-ref@2.1.0","MIT","https://github.com/chakra-ui/chakra-ui"
"@chakra-ui/react-use-merge-refs@2.1.0","MIT","https://github.com/chakra-ui/chakra-ui"
"@chakra-ui/react-use-outside-click@2.2.0","MIT","https://github.com/chakra-ui/chakra-ui"
"@chakra-ui/react-use-pan-event@2.1.0","MIT","https://github.com/chakra-ui/chakra-ui"
"@chakra-ui/react-use-previous@2.1.0","MIT","https://github.com/chakra-ui/chakra-ui"
"@chakra-ui/react-use-safe-layout-effect@2.1.0","MIT","https://github.com/chakra-ui/chakra-ui"
"@chakra-ui/react-use-size@2.1.0","MIT","https://github.com/chakra-ui/chakra-ui"
"@chakra-ui/react-use-timeout@2.1.0","MIT","https://github.com/chakra-ui/chakra-ui"
"@chakra-ui/react-use-update-effect@2.1.0","MIT","https://github.com/chakra-ui/chakra-ui"
"@chakra-ui/react-utils@2.0.12","MIT","https://github.com/chakra-ui/chakra-ui"
"@chakra-ui/react@2.8.2","MIT","https://github.com/chakra-ui/chakra-ui"
"@chakra-ui/select@2.1.2","MIT","https://github.com/chakra-ui/chakra-ui"
"@chakra-ui/shared-utils@2.0.5","MIT","https://github.com/chakra-ui/chakra-ui"
"@chakra-ui/skeleton@2.1.0","MIT","https://github.com/chakra-ui/chakra-ui"
"@chakra-ui/skip-nav@2.1.0","MIT","https://github.com/chakra-ui/chakra-ui"
"@chakra-ui/slider@2.1.0","MIT","https://github.com/chakra-ui/chakra-ui"
"@chakra-ui/spinner@2.1.0","MIT","https://github.com/chakra-ui/chakra-ui"
"@chakra-ui/stat@2.1.1","MIT","https://github.com/chakra-ui/chakra-ui"
"@chakra-ui/stepper@2.3.1","MIT","https://github.com/chakra-ui/chakra-ui"
"@chakra-ui/styled-system@2.9.2","MIT","https://github.com/chakra-ui/chakra-ui"
"@chakra-ui/switch@2.1.2","MIT","https://github.com/chakra-ui/chakra-ui"
"@chakra-ui/system@2.6.2","MIT","https://github.com/chakra-ui/chakra-ui"
"@chakra-ui/table@2.1.0","MIT","https://github.com/chakra-ui/chakra-ui"
"@chakra-ui/tabs@3.0.0","MIT","https://github.com/chakra-ui/chakra-ui"
"@chakra-ui/tag@3.1.1","MIT","https://github.com/chakra-ui/chakra-ui"
"@chakra-ui/textarea@2.1.2","MIT","https://github.com/chakra-ui/chakra-ui"
"@chakra-ui/theme-tools@2.1.2","MIT","https://github.com/chakra-ui/chakra-ui"
"@chakra-ui/theme-utils@2.0.21","MIT","https://github.com/chakra-ui/chakra-ui"
"@chakra-ui/theme@3.3.1","MIT","https://github.com/chakra-ui/chakra-ui"
"@chakra-ui/toast@7.0.2","MIT","https://github.com/chakra-ui/chakra-ui"
"@chakra-ui/tooltip@2.3.1","MIT","https://github.com/chakra-ui/chakra-ui"
"@chakra-ui/transition@2.1.0","MIT","https://github.com/chakra-ui/chakra-ui"
"@chakra-ui/utils@2.0.15","MIT","https://github.com/chakra-ui/chakra-ui"
"@chakra-ui/visually-hidden@2.2.0","MIT","https://github.com/chakra-ui/chakra-ui"
"@connectrpc/connect-web@1.1.2","Apache-2.0","https://github.com/connectrpc/connect-es"
"@connectrpc/connect@1.1.2","Apache-2.0","https://github.com/connectrpc/connect-es"
"@emotion/babel-plugin@11.11.0","MIT","https://github.com/emotion-js/emotion/tree/main/packages/babel-plugin"
"@emotion/cache@11.11.0","MIT","https://github.com/emotion-js/emotion/tree/main/packages/cache"
"@emotion/hash@0.9.1","MIT","https://github.com/emotion-js/emotion/tree/main/packages/hash"
"@emotion/is-prop-valid@0.8.8","MIT","https://github.com/emotion-js/emotion/tree/master/packages/is-prop-valid"
"@emotion/is-prop-valid@1.2.1","MIT","https://github.com/emotion-js/emotion/tree/main/packages/is-prop-valid"
"@emotion/memoize@0.7.4","MIT","https://github.com/emotion-js/emotion/tree/master/packages/memoize"
"@emotion/memoize@0.8.1","MIT","https://github.com/emotion-js/emotion/tree/main/packages/memoize"
"@emotion/react@11.11.1","MIT","https://github.com/emotion-js/emotion/tree/main/packages/react"
"@emotion/serialize@1.1.2","MIT","https://github.com/emotion-js/emotion/tree/main/packages/serialize"
"@emotion/sheet@1.2.2","MIT","https://github.com/emotion-js/emotion/tree/main/packages/sheet"
"@emotion/styled@11.11.0","MIT","https://github.com/emotion-js/emotion/tree/main/packages/styled"
"@emotion/unitless@0.8.1","MIT","https://github.com/emotion-js/emotion/tree/main/packages/unitless"
"@emotion/use-insertion-effect-with-fallbacks@1.0.1","MIT","https://github.com/emotion-js/emotion/tree/main/packages/use-insertion-effect-with-fallbacks"
"@emotion/utils@1.2.1","MIT","https://github.com/emotion-js/emotion/tree/main/packages/utils"
"@emotion/weak-memoize@0.3.1","MIT","https://github.com/emotion-js/emotion/tree/main/packages/weak-memoize"
"@floating-ui/core@1.5.0","MIT","https://github.com/floating-ui/floating-ui"
"@floating-ui/dom@1.5.3","MIT","https://github.com/floating-ui/floating-ui"
"@floating-ui/react-dom@2.0.2","MIT","https://github.com/floating-ui/floating-ui"
"@floating-ui/utils@0.1.6","MIT","https://github.com/floating-ui/floating-ui"
"@fontsource/inter@5.0.16","OFL-1.1","https://github.com/fontsource/font-files"
"@heroicons/react@1.0.6","MIT","https://github.com/tailwindlabs/heroicons"
"@hookform/devtools@4.3.1","MIT","https://github.com/react-hook-form/devtools"
"@hookform/resolvers@3.3.4","MIT","https://github.com/react-hook-form/resolvers"
"@jridgewell/gen-mapping@0.3.5","MIT","https://github.com/jridgewell/gen-mapping"
"@jridgewell/resolve-uri@3.1.1","MIT","https://github.com/jridgewell/resolve-uri"
"@jridgewell/set-array@1.2.1","MIT","https://github.com/jridgewell/set-array"
"@jridgewell/source-map@0.3.5","MIT","https://github.com/jridgewell/source-map"
"@jridgewell/sourcemap-codec@1.4.15","MIT","https://github.com/jridgewell/sourcemap-codec"
"@jridgewell/trace-mapping@0.3.25","MIT","https://github.com/jridgewell/trace-mapping"
"@monaco-editor/loader@1.4.0","MIT","https://github.com/suren-atoyan/monaco-loader"
"@monaco-editor/react@4.6.0","MIT","https://github.com/suren-atoyan/monaco-react"
"@motionone/animation@10.16.3","MIT",""
"@motionone/dom@10.16.4","MIT",""
"@motionone/easing@10.16.3","MIT",""
"@motionone/generators@10.16.4","MIT",""
"@motionone/types@10.16.3","MIT",""
"@motionone/utils@10.16.3","MIT",""
"@mui/base@5.0.0-beta.20","MIT","https://github.com/mui/material-ui"
"@mui/core-downloads-tracker@5.14.14","MIT","https://github.com/mui/material-ui"
"@mui/material@5.14.14","MIT","https://github.com/mui/material-ui"
"@mui/private-theming@5.14.14","MIT","https://github.com/mui/material-ui"
"@mui/styled-engine@5.14.14","MIT","https://github.com/mui/material-ui"
"@mui/system@5.14.14","MIT","https://github.com/mui/material-ui"
"@mui/types@7.2.6","MIT","https://github.com/mui/material-ui"
"@mui/utils@5.14.14","MIT","https://github.com/mui/material-ui"
"@popperjs/core@2.11.8","MIT","https://github.com/popperjs/popper-core"
"@primer/octicons-react@17.12.0","MIT","https://github.com/primer/octicons"
"@redpanda-data/ui@3.53.1","Redpanda Data, Inc. - Proprietary",""
"@tanstack/react-table@8.17.3","MIT","https://github.com/TanStack/table"
"@tanstack/table-core@8.17.3","MIT","https://github.com/TanStack/table"
"@textea/json-viewer@3.4.1","MIT","https://github.com/TexteaInc/json-viewer"
"@tootallnate/once@1.1.2","MIT","https://github.com/TooTallNate/once"
"@types/debug@4.1.10","MIT","https://github.com/DefinitelyTyped/DefinitelyTyped"
"@types/eslint-scope@3.7.6","MIT","https://github.com/DefinitelyTyped/DefinitelyTyped"
"@types/eslint@8.44.6","MIT","https://github.com/DefinitelyTyped/DefinitelyTyped"
"@types/estree@1.0.5","MIT","https://github.com/DefinitelyTyped/DefinitelyTyped"
"@types/hast@2.3.7","MIT","https://github.com/DefinitelyTyped/DefinitelyTyped"
"@types/hoist-non-react-statics@3.3.4","MIT","https://github.com/DefinitelyTyped/DefinitelyTyped"
"@types/json-schema@7.0.14","MIT","https://github.com/DefinitelyTyped/DefinitelyTyped"
"@types/lodash.mergewith@4.6.7","MIT","https://github.com/DefinitelyTyped/DefinitelyTyped"
"@types/lodash@4.14.200","MIT","https://github.com/DefinitelyTyped/DefinitelyTyped"
"@types/mdast@3.0.14","MIT","https://github.com/DefinitelyTyped/DefinitelyTyped"
"@types/ms@0.7.33","MIT","https://github.com/DefinitelyTyped/DefinitelyTyped"
"@types/node@16.18.59","MIT","https://github.com/DefinitelyTyped/DefinitelyTyped"
"@types/parse-json@4.0.1","MIT","https://github.com/DefinitelyTyped/DefinitelyTyped"
"@types/prop-types@15.7.9","MIT","https://github.com/DefinitelyTyped/DefinitelyTyped"
"@types/react-redux@7.1.28","MIT","https://github.com/DefinitelyTyped/DefinitelyTyped"
"@types/react-transition-group@4.4.8","MIT","https://github.com/DefinitelyTyped/DefinitelyTyped"
"@types/react@18.2.29","MIT","https://github.com/DefinitelyTyped/DefinitelyTyped"
"@types/scheduler@0.16.5","MIT","https://github.com/DefinitelyTyped/DefinitelyTyped"
"@types/unist@2.0.9","MIT","https://github.com/DefinitelyTyped/DefinitelyTyped"
"@webassemblyjs/ast@1.11.6","MIT","https://github.com/xtuc/webassemblyjs"
"@webassemblyjs/floating-point-hex-parser@1.11.6","MIT","https://github.com/xtuc/webassemblyjs"
"@webassemblyjs/helper-api-error@1.11.6","MIT","https://github.com/xtuc/webassemblyjs"
"@webassemblyjs/helper-buffer@1.11.6","MIT","https://github.com/xtuc/webassemblyjs"
"@webassemblyjs/helper-numbers@1.11.6","MIT","https://github.com/xtuc/webassemblyjs"
"@webassemblyjs/helper-wasm-bytecode@1.11.6","MIT","https://github.com/xtuc/webassemblyjs"
"@webassemblyjs/helper-wasm-section@1.11.6","MIT","https://github.com/xtuc/webassemblyjs"
"@webassemblyjs/ieee754@1.11.6","MIT","https://github.com/xtuc/webassemblyjs"
"@webassemblyjs/leb128@1.11.6","Apache-2.0","https://github.com/xtuc/webassemblyjs"
"@webassemblyjs/utf8@1.11.6","MIT","https://github.com/xtuc/webassemblyjs"
"@webassemblyjs/wasm-edit@1.11.6","MIT","https://github.com/xtuc/webassemblyjs"
"@webassemblyjs/wasm-gen@1.11.6","MIT","https://github.com/xtuc/webassemblyjs"
"@webassemblyjs/wasm-opt@1.11.6","MIT","https://github.com/xtuc/webassemblyjs"
"@webassemblyjs/wasm-parser@1.11.6","MIT","https://github.com/xtuc/webassemblyjs"
"@webassemblyjs/wast-printer@1.11.6","MIT","https://github.com/xtuc/webassemblyjs"
"@xtuc/ieee754@1.2.0","BSD-3-Clause","https://github.com/feross/ieee754"
"@xtuc/long@4.2.2","Apache-2.0","https://github.com/dcodeIO/long.js"
"@zag-js/dom-query@0.16.0","MIT","https://github.com/chakra-ui/zag/tree/main/packages/utilities/dom-helpers"
"@zag-js/element-size@0.10.5","MIT","https://github.com/chakra-ui/zag/tree/main/packages/utilities/element-size"
"@zag-js/focus-visible@0.16.0","MIT","https://github.com/chakra-ui/zag/tree/main/packages/utilities/focus-visible"
"abab@2.0.6","BSD-3-Clause","https://github.com/jsdom/abab"
"abort-controller@3.0.0","MIT","https://github.com/mysticatea/abort-controller"
"acorn-globals@6.0.0","MIT","https://github.com/ForbesLindesay/acorn-globals"
"acorn-import-assertions@1.9.0","MIT","https://github.com/xtuc/acorn-import-assertions"
"acorn-walk@7.2.0","MIT","https://github.com/acornjs/acorn"
"acorn@7.4.1","MIT","https://github.com/acornjs/acorn"
"acorn@8.12.1","MIT","https://github.com/acornjs/acorn"
"agent-base@6.0.2","MIT","https://github.com/TooTallNate/node-agent-base"
"ajv-keywords@3.5.2","MIT","https://github.com/epoberezkin/ajv-keywords"
"ajv@6.12.6","MIT","https://github.com/ajv-validator/ajv"
"ansi-styles@3.2.1","MIT","https://github.com/chalk/ansi-styles"
"aria-hidden@1.2.3","MIT","https://github.com/theKashey/aria-hidden"
"array-move@4.0.0","MIT","https://github.com/sindresorhus/array-move"
"asn1.js@4.10.1","MIT","https://github.com/indutny/asn1.js"
"assert@2.1.0","MIT","https://github.com/browserify/commonjs-assert"
"asynckit@0.4.0","MIT","https://github.com/alexindigo/asynckit"
"autoprefixer@10.4.20","MIT","https://github.com/postcss/autoprefixer"
"available-typed-arrays@1.0.7","MIT","https://github.com/inspect-js/available-typed-arrays"
"babel-plugin-macros@3.1.0","MIT","https://github.com/kentcdodds/babel-plugin-macros"
"bail@2.0.2","MIT","https://github.com/wooorm/bail"
"base64-js@1.5.1","MIT","https://github.com/beatgammit/base64-js"
"bn.js@4.12.0","MIT","https://github.com/indutny/bn.js"
"bn.js@5.2.1","MIT","https://github.com/indutny/bn.js"
"brorand@1.1.0","MIT","https://github.com/indutny/brorand"
"browser-process-hrtime@1.0.0","BSD-2-Clause","https://github.com/kumavis/browser-process-hrtime"
"browserify-aes@1.2.0","MIT","https://github.com/crypto-browserify/browserify-aes"
"browserify-cipher@1.0.1","MIT","https://github.com/crypto-browserify/browserify-cipher"
"browserify-des@1.0.2","MIT","https://github.com/crypto-browserify/browserify-des"
"browserify-rsa@4.1.0","MIT","https://github.com/crypto-browserify/browserify-rsa"
"browserify-sign@4.2.3","ISC","https://github.com/crypto-browserify/browserify-sign"
"browserify-zlib@0.2.0","MIT","https://github.com/devongovett/browserify-zlib"
"browserslist@4.24.0","MIT","https://github.com/browserslist/browserslist"
"buffer-from@1.1.2","MIT","https://github.com/LinusU/buffer-from"
"buffer-xor@1.0.3","MIT","https://github.com/crypto-browserify/buffer-xor"
"buffer@6.0.3","MIT","https://github.com/feross/buffer"
"builtin-status-codes@3.0.0","MIT","https://github.com/bendrucker/builtin-status-codes"
"call-bind@1.0.7","MIT","https://github.com/ljharb/call-bind"
"callsites@3.1.0","MIT","https://github.com/sindresorhus/callsites"
"caniuse-lite@1.0.30001664","CC-BY-4.0","https://github.com/browserslist/caniuse-lite"
"ccount@2.0.1","MIT","https://github.com/wooorm/ccount"
"chakra-react-select@4.7.6","MIT","https://github.com/csandman/chakra-react-select"
"chalk@2.4.2","MIT","https://github.com/chalk/chalk"
"character-entities-legacy@1.1.4","MIT","https://github.com/wooorm/character-entities-legacy"
"character-entities@1.2.4","MIT","https://github.com/wooorm/character-entities"
"character-entities@2.0.2","MIT","https://github.com/wooorm/character-entities"
"character-reference-invalid@1.1.4","MIT","https://github.com/wooorm/character-reference-invalid"
"chrome-trace-event@1.0.3","MIT","https://github.com/samccone/chrome-trace-event"
"cipher-base@1.0.4","MIT","https://github.com/crypto-browserify/cipher-base"
"classnames@2.3.2","MIT","https://github.com/JedWatson/classnames"
"clsx@1.2.1","MIT","https://github.com/lukeed/clsx"
"clsx@2.1.1","MIT","https://github.com/lukeed/clsx"
"color-convert@1.9.3","MIT","https://github.com/Qix-/color-convert"
"color-name@1.1.3","MIT","https://github.com/dfcreative/color-name"
"color2k@2.0.2","MIT","https://github.com/ricokahler/color2k"
"combined-stream@1.0.8","MIT","https://github.com/felixge/node-combined-stream"
"comma-separated-tokens@1.0.8","MIT","https://github.com/wooorm/comma-separated-tokens"
"comma-separated-tokens@2.0.3","MIT","https://github.com/wooorm/comma-separated-tokens"
"commander@2.20.3","MIT","https://github.com/tj/commander.js"
"compute-scroll-into-view@3.0.3","MIT","https://github.com/scroll-into-view/compute-scroll-into-view"
"console-browserify@1.2.0","MIT","https://github.com/browserify/console-browserify"
"constants-browserify@1.0.0","MIT","https://github.com/juliangruber/constants-browserify"
"convert-source-map@1.9.0","MIT","https://github.com/thlorenz/convert-source-map"
"copy-to-clipboard@3.3.3","MIT","https://github.com/sudodoki/copy-to-clipboard"
"core-util-is@1.0.3","MIT","https://github.com/isaacs/core-util-is"
"cosmiconfig@7.1.0","MIT","https://github.com/davidtheclark/cosmiconfig"
"create-ecdh@4.0.4","MIT","https://github.com/crypto-browserify/createECDH"
"create-hash@1.2.0","MIT","https://github.com/crypto-browserify/createHash"
"create-hmac@1.1.7","MIT","https://github.com/crypto-browserify/createHmac"
"crypto-browserify@3.12.0","MIT","https://github.com/crypto-browserify/crypto-browserify"
"css-box-model@1.2.1","MIT","https://github.com/alexreardon/css-box-model"
"css-selector-parser@1.4.1","MIT","https://github.com/mdevils/css-selector-parser"
"cssom@0.3.8","MIT","https://github.com/NV/CSSOM"
"cssom@0.4.4","MIT","https://github.com/NV/CSSOM"
"cssstyle@2.3.0","MIT","https://github.com/jsdom/cssstyle"
"csstype@3.1.2","MIT","https://github.com/frenic/csstype"
"data-urls@2.0.0","MIT","https://github.com/jsdom/data-urls"
"date-fns-tz@2.0.0","MIT","https://github.com/marnusw/date-fns-tz"
"date-fns@2.30.0","MIT","https://github.com/date-fns/date-fns"
"debug@4.3.4","MIT","https://github.com/debug-js/debug"
"decimal.js@10.4.3","MIT","https://github.com/MikeMcl/decimal.js"
"decode-named-character-reference@1.0.2","MIT","https://github.com/wooorm/decode-named-character-reference"
"define-data-property@1.1.4","MIT","https://github.com/ljharb/define-data-property"
"define-properties@1.2.1","MIT","https://github.com/ljharb/define-properties"
"delayed-stream@1.0.0","MIT","https://github.com/felixge/node-delayed-stream"
"dequal@2.0.3","MIT","https://github.com/lukeed/dequal"
"des.js@1.1.0","MIT","https://github.com/indutny/des.js"
"detect-node-es@1.1.0","MIT","https://github.com/thekashey/detect-node"
"diff@5.1.0","BSD-3-Clause","https://github.com/kpdecker/jsdiff"
"diffie-hellman@5.0.3","MIT","https://github.com/crypto-browserify/diffie-hellman"
"dom-helpers@5.2.1","MIT","https://github.com/react-bootstrap/dom-helpers"
"domain-browser@5.7.0","Artistic-2.0","https://github.com/bevry/domain-browser"
"domexception@2.0.1","MIT","https://github.com/jsdom/domexception"
"electron-to-chromium@1.5.34","ISC","https://github.com/kilian/electron-to-chromium"
"elliptic@6.5.7","MIT","https://github.com/indutny/elliptic"
"emoticon@4.0.1","MIT","https://github.com/wooorm/emoticon"
"enhanced-resolve@5.15.0","MIT","https://github.com/webpack/enhanced-resolve"
"error-ex@1.3.2","MIT","https://github.com/qix-/node-error-ex"
"error-stack-parser@2.1.4","MIT","https://github.com/stacktracejs/error-stack-parser"
"es-define-property@1.0.0","MIT","https://github.com/ljharb/es-define-property"
"es-errors@1.3.0","MIT","https://github.com/ljharb/es-errors"
"es-module-lexer@1.3.1","MIT","https://github.com/guybedford/es-module-lexer"
"escalade@3.1.2","MIT","https://github.com/lukeed/escalade"
"escape-html@1.0.3","MIT","https://github.com/component/escape-html"
"escape-string-regexp@1.0.5","MIT","https://github.com/sindresorhus/escape-string-regexp"
"escape-string-regexp@4.0.0","MIT","https://github.com/sindresorhus/escape-string-regexp"
"escape-string-regexp@5.0.0","MIT","https://github.com/sindresorhus/escape-string-regexp"
"escodegen@2.1.0","BSD-2-Clause","https://github.com/estools/escodegen"
"eslint-scope@5.1.1","BSD-2-Clause","https://github.com/eslint/eslint-scope"
"esprima@4.0.1","BSD-2-Clause","https://github.com/jquery/esprima"
"esrecurse@4.3.0","BSD-2-Clause","https://github.com/estools/esrecurse"
"estraverse@4.3.0","BSD-2-Clause","https://github.com/estools/estraverse"
"estraverse@5.3.0","BSD-2-Clause","https://github.com/estools/estraverse"
"esutils@2.0.3","BSD-2-Clause","https://github.com/estools/esutils"
"event-target-shim@5.0.1","MIT","https://github.com/mysticatea/event-target-shim"
"events@3.3.0","MIT","https://github.com/Gozala/events"
"evp_bytestokey@1.0.3","MIT","https://github.com/crypto-browserify/EVP_BytesToKey"
"extend@3.0.2","MIT","https://github.com/justmoon/node-extend"
"fast-deep-equal@3.1.3","MIT","https://github.com/epoberezkin/fast-deep-equal"
"fast-json-stable-stringify@2.1.0","MIT","https://github.com/epoberezkin/fast-json-stable-stringify"
"fault@1.0.4","MIT","https://github.com/wooorm/fault"
"find-root@1.1.0","MIT","https://github.com/js-n/find-root"
"focus-lock@1.0.0","MIT","https://github.com/theKashey/focus-lock"
"for-each@0.3.3","MIT","https://github.com/Raynos/for-each"
"form-data@3.0.1","MIT","https://github.com/form-data/form-data"
"format@0.2.2","MIT","https://github.com/samsonjs/format"
"fraction.js@4.3.7","MIT","https://github.com/rawify/Fraction.js"
"framer-motion@10.17.12","MIT","https://github.com/framer/motion"
"framer-motion@7.10.3","MIT","https://github.com/framer/motion"
"framesync@6.1.2","MIT","https://github.com/Popmotion/popmotion"
"frontend@0.1.0","UNLICENSED",""
"function-bind@1.1.2","MIT","https://github.com/Raynos/function-bind"
"get-intrinsic@1.2.4","MIT","https://github.com/ljharb/get-intrinsic"
"get-nonce@1.0.1","MIT","https://github.com/theKashey/get-nonce"
"glob-to-regexp@0.4.1","BSD-2-Clause","https://github.com/fitzgen/glob-to-regexp"
"globals@11.12.0","MIT","https://github.com/sindresorhus/globals"
"gopd@1.0.1","MIT","https://github.com/ljharb/gopd"
"graceful-fs@4.2.11","ISC","https://github.com/isaacs/node-graceful-fs"
"has-flag@3.0.0","MIT","https://github.com/sindresorhus/has-flag"
"has-flag@4.0.0","MIT","https://github.com/sindresorhus/has-flag"
"has-property-descriptors@1.0.2","MIT","https://github.com/inspect-js/has-property-descriptors"
"has-proto@1.0.3","MIT","https://github.com/inspect-js/has-proto"
"has-symbols@1.0.3","MIT","https://github.com/inspect-js/has-symbols"
"has-tostringtag@1.0.2","MIT","https://github.com/inspect-js/has-tostringtag"
"hash-base@3.0.4","MIT","https://github.com/crypto-browserify/hash-base"
"hash.js@1.1.7","MIT","https://github.com/indutny/hash.js"
"hasown@2.0.2","MIT","https://github.com/inspect-js/hasOwn"
"hast-util-parse-selector@2.2.5","MIT","https://github.com/syntax-tree/hast-util-parse-selector"
"hast-util-whitespace@2.0.1","MIT","https://github.com/syntax-tree/hast-util-whitespace"
"hastscript@6.0.0","MIT","https://github.com/syntax-tree/hastscript"
"hey-listen@1.0.8","MIT","https://github.com/Popmotion/hey-listen"
"highlight-words-core@1.2.2","MIT","github.com/bvaughn/highlight-words-core"
"highlight.js@10.7.3","BSD-3-Clause","https://github.com/highlightjs/highlight.js"
"history@4.10.1","MIT","https://github.com/ReactTraining/history"
"hmac-drbg@1.0.1","MIT","https://github.com/indutny/hmac-drbg"
"hoist-non-react-statics@3.3.2","BSD-3-Clause","https://github.com/mridgway/hoist-non-react-statics"
"html-encoding-sniffer@2.0.1","MIT","https://github.com/jsdom/html-encoding-sniffer"
"http-proxy-agent@4.0.1","MIT","https://github.com/TooTallNate/node-http-proxy-agent"
"https-browserify@1.0.0","MIT","https://github.com/substack/https-browserify"
"https-proxy-agent@5.0.1","MIT","https://github.com/TooTallNate/node-https-proxy-agent"
"iconv-lite@0.4.24","MIT","https://github.com/ashtuchkin/iconv-lite"
"ieee754@1.2.1","BSD-3-Clause","https://github.com/feross/ieee754"
"immer@9.0.21","MIT","https://github.com/immerjs/immer"
"import-fresh@3.3.0","MIT","https://github.com/sindresorhus/import-fresh"
"inherits@2.0.4","ISC","https://github.com/isaacs/inherits"
"inline-style-parser@0.1.1","MIT","https://github.com/remarkablemark/inline-style-parser"
"invariant@2.2.4","MIT","https://github.com/zertosh/invariant"
"is-alphabetical@1.0.4","MIT","https://github.com/wooorm/is-alphabetical"
"is-alphanumerical@1.0.4","MIT","https://github.com/wooorm/is-alphanumerical"
"is-arguments@1.1.1","MIT","https://github.com/inspect-js/is-arguments"
"is-arrayish@0.2.1","MIT","https://github.com/qix-/node-is-arrayish"
"is-buffer@2.0.5","MIT","https://github.com/feross/is-buffer"
"is-callable@1.2.7","MIT","https://github.com/inspect-js/is-callable"
"is-core-module@2.15.1","MIT","https://github.com/inspect-js/is-core-module"
"is-decimal@1.0.4","MIT","https://github.com/wooorm/is-decimal"
"is-generator-function@1.0.10","MIT","https://github.com/inspect-js/is-generator-function"
"is-hexadecimal@1.0.4","MIT","https://github.com/wooorm/is-hexadecimal"
"is-nan@1.3.2","MIT","https://github.com/es-shims/is-nan"
"is-plain-obj@4.1.0","MIT","https://github.com/sindresorhus/is-plain-obj"
"is-potential-custom-element-name@1.0.1","MIT","https://github.com/mathiasbynens/is-potential-custom-element-name"
"is-typed-array@1.1.13","MIT","https://github.com/inspect-js/is-typed-array"
"isarray@0.0.1","MIT","https://github.com/juliangruber/isarray"
"isarray@1.0.0","MIT","https://github.com/juliangruber/isarray"
"jest-worker@27.5.1","MIT","https://github.com/facebook/jest"
"js-base64@3.7.5","BSD-3-Clause","https://github.com/dankogai/js-base64"
"js-tokens@4.0.0","MIT","https://github.com/lydell/js-tokens"
"jsdom@16.7.0","MIT","https://github.com/jsdom/jsdom"
"jsesc@3.0.2","MIT","https://github.com/mathiasbynens/jsesc"
"json-parse-even-better-errors@2.3.1","MIT","https://github.com/npm/json-parse-even-better-errors"
"json-schema-traverse@0.4.1","MIT","https://github.com/epoberezkin/json-schema-traverse"
"jsonc-parser@3.2.1","MIT","https://github.com/microsoft/node-jsonc-parser"
"kleur@4.1.5","MIT","https://github.com/lukeed/kleur"
"lines-and-columns@1.2.4","MIT","https://github.com/eventualbuddha/lines-and-columns"
"little-state-machine@4.8.0","MIT","https://github.com/bluebill1049/little-state-machine"
"loader-runner@4.3.0","MIT","https://github.com/webpack/loader-runner"
"lodash.mergewith@4.6.2","MIT","https://github.com/lodash/lodash"
"lodash@4.17.21","MIT","https://github.com/lodash/lodash"
"longest-streak@3.1.0","MIT","https://github.com/wooorm/longest-streak"
"loose-envify@1.4.0","MIT","https://github.com/zertosh/loose-envify"
"lowlight@1.20.0","MIT","https://github.com/wooorm/lowlight"
"markdown-table@3.0.3","MIT","https://github.com/wooorm/markdown-table"
"md5.js@1.3.5","MIT","https://github.com/crypto-browserify/md5.js"
"mdast-util-definitions@5.1.2","MIT","https://github.com/syntax-tree/mdast-util-definitions"
"mdast-util-find-and-replace@2.2.2","MIT","https://github.com/syntax-tree/mdast-util-find-and-replace"
"mdast-util-from-markdown@1.3.1","MIT","https://github.com/syntax-tree/mdast-util-from-markdown"
"mdast-util-gfm-autolink-literal@1.0.3","MIT","https://github.com/syntax-tree/mdast-util-gfm-autolink-literal"
"mdast-util-gfm-footnote@1.0.2","MIT","https://github.com/syntax-tree/mdast-util-gfm-footnote"
"mdast-util-gfm-strikethrough@1.0.3","MIT","https://github.com/syntax-tree/mdast-util-gfm-strikethrough"
"mdast-util-gfm-table@1.0.7","MIT","https://github.com/syntax-tree/mdast-util-gfm-table"
"mdast-util-gfm-task-list-item@1.0.2","MIT","https://github.com/syntax-tree/mdast-util-gfm-task-list-item"
"mdast-util-gfm@2.0.2","MIT","https://github.com/syntax-tree/mdast-util-gfm"
"mdast-util-phrasing@3.0.1","MIT","https://github.com/syntax-tree/mdast-util-phrasing"
"mdast-util-to-hast@12.3.0","MIT","https://github.com/syntax-tree/mdast-util-to-hast"
"mdast-util-to-markdown@1.5.0","MIT","https://github.com/syntax-tree/mdast-util-to-markdown"
"mdast-util-to-string@3.2.0","MIT","https://github.com/syntax-tree/mdast-util-to-string"
"memoize-one@4.0.3","MIT","https://github.com/alexreardon/memoize-one"
"memoize-one@5.2.1","MIT","https://github.com/alexreardon/memoize-one"
"memoize-one@6.0.0","MIT","https://github.com/alexreardon/memoize-one"
"merge-stream@2.0.0","MIT","https://github.com/grncdr/merge-stream"
"micromark-core-commonmark@1.1.0","MIT","https://github.com/micromark/micromark/tree/main/packages/micromark-core-commonmark"
"micromark-extension-gfm-autolink-literal@1.0.5","MIT","https://github.com/micromark/micromark-extension-gfm-autolink-literal"
"micromark-extension-gfm-footnote@1.1.2","MIT","https://github.com/micromark/micromark-extension-gfm-footnote"
"micromark-extension-gfm-strikethrough@1.0.7","MIT","https://github.com/micromark/micromark-extension-gfm-strikethrough"
"micromark-extension-gfm-table@1.0.7","MIT","https://github.com/micromark/micromark-extension-gfm-table"
"micromark-extension-gfm-tagfilter@1.0.2","MIT","https://github.com/micromark/micromark-extension-gfm-tagfilter"
"micromark-extension-gfm-task-list-item@1.0.5","MIT","https://github.com/micromark/micromark-extension-gfm-task-list-item"
"micromark-extension-gfm@2.0.3","MIT","https://github.com/micromark/micromark-extension-gfm"
"micromark-factory-destination@1.1.0","MIT","https://github.com/micromark/micromark/tree/main/packages/micromark-factory-destination"
"micromark-factory-label@1.1.0","MIT","https://github.com/micromark/micromark/tree/main/packages/micromark-factory-label"
"micromark-factory-space@1.1.0","MIT","https://github.com/micromark/micromark/tree/main/packages/micromark-factory-space"
"micromark-factory-title@1.1.0","MIT","https://github.com/micromark/micromark/tree/main/packages/micromark-factory-title"
"micromark-factory-whitespace@1.1.0","MIT","https://github.com/micromark/micromark/tree/main/packages/micromark-factory-whitespace"
"micromark-util-character@1.2.0","MIT","https://github.com/micromark/micromark/tree/main/packages/micromark-util-character"
"micromark-util-chunked@1.1.0","MIT","https://github.com/micromark/micromark/tree/main/packages/micromark-util-chunked"
"micromark-util-classify-character@1.1.0","MIT","https://github.com/micromark/micromark/tree/main/packages/micromark-util-classify-character"
"micromark-util-combine-extensions@1.1.0","MIT","https://github.com/micromark/micromark/tree/main/packages/micromark-util-combine-extensions"
"micromark-util-decode-numeric-character-reference@1.1.0","MIT","https://github.com/micromark/micromark/tree/main/packages/micromark-util-decode-numeric-character-reference"
"micromark-util-decode-string@1.1.0","MIT","https://github.com/micromark/micromark/tree/main/packages/micromark-util-decode-string"
"micromark-util-encode@1.1.0","MIT","https://github.com/micromark/micromark/tree/main/packages/micromark-util-encode"
"micromark-util-html-tag-name@1.2.0","MIT","https://github.com/micromark/micromark/tree/main/packages/micromark-util-html-tag-name"
"micromark-util-normalize-identifier@1.1.0","MIT","https://github.com/micromark/micromark/tree/main/packages/micromark-util-normalize-identifier"
"micromark-util-resolve-all@1.1.0","MIT","https://github.com/micromark/micromark/tree/main/packages/micromark-util-resolve-all"
"micromark-util-sanitize-uri@1.2.0","MIT","https://github.com/micromark/micromark/tree/main/packages/micromark-util-sanitize-uri"
"micromark-util-subtokenize@1.1.0","MIT","https://github.com/micromark/micromark/tree/main/packages/micromark-util-subtokenize"
"micromark-util-symbol@1.1.0","MIT","https://github.com/micromark/micromark/tree/main/packages/micromark-util-symbol"
"micromark-util-types@1.1.0","MIT","https://github.com/micromark/micromark/tree/main/packages/micromark-util-types"
"micromark@3.2.0","MIT","https://github.com/micromark/micromark/tree/main/packages/micromark"
"miller-rabin@4.0.1","MIT","https://github.com/indutny/miller-rabin"
"mime-db@1.52.0","MIT","https://github.com/jshttp/mime-db"
"mime-types@2.1.35","MIT","https://github.com/jshttp/mime-types"
"minimalistic-assert@1.0.1","ISC","https://github.com/calvinmetcalf/minimalistic-assert"
"minimalistic-crypto-utils@1.0.1","MIT","https://github.com/indutny/minimalistic-crypto-utils"
"mobx-react-lite@3.4.3","MIT","https://github.com/mobxjs/mobx"
"mobx-react@7.6.0","MIT","https://github.com/mobxjs/mobx"
"mobx@6.10.2","MIT","https://github.com/mobxjs/mobx"
"moment@2.29.4","MIT","https://github.com/moment/moment"
"monaco-editor@0.52.0","MIT","https://github.com/microsoft/monaco-editor"
"monaco-languageserver-types@0.4.0","MIT","https://github.com/remcohaszing/monaco-languageserver-types"
"monaco-marker-data-provider@1.2.2","MIT","https://github.com/remcohaszing/monaco-marker-data-provider"
"monaco-types@0.1.0","MIT","https://github.com/remcohaszing/monaco-types"
"monaco-worker-manager@2.0.1","MIT","https://github.com/remcohaszing/monaco-worker-manager"
"monaco-yaml@5.2.2","MIT","https://github.com/remcohaszing/monaco-yaml"
"mri@1.2.0","MIT","https://github.com/lukeed/mri"
"ms@2.1.2","MIT","https://github.com/zeit/ms"
"nanoid@3.3.7","MIT","https://github.com/ai/nanoid"
"neo-async@2.6.2","MIT","https://github.com/suguru03/neo-async"
"node-emoji@1.11.0","MIT","https://github.com/omnidan/node-emoji"
"node-polyfill-webpack-plugin@4.0.0","MIT","https://github.com/Richienb/node-polyfill-webpack-plugin"
"node-releases@2.0.18","MIT","https://github.com/chicoxyzzy/node-releases"
"normalize-range@0.1.2","MIT","https://github.com/jamestalmage/normalize-range"
"nwsapi@2.2.7","MIT","https://github.com/dperini/nwsapi"
"object-assign@4.1.1","MIT","https://github.com/sindresorhus/object-assign"
"object-inspect@1.13.2","MIT","https://github.com/inspect-js/object-inspect"
"object-is@1.1.5","MIT","https://github.com/es-shims/object-is"
"object-keys@1.1.1","MIT","https://github.com/ljharb/object-keys"
"object.assign@4.1.5","MIT","https://github.com/ljharb/object.assign"
"os-browserify@0.3.0","MIT","https://github.com/CoderPuppy/os-browserify"
"pako@1.0.11","(MIT AND Zlib)","https://github.com/nodeca/pako"
"parent-module@1.0.1","MIT","https://github.com/sindresorhus/parent-module"
"parse-asn1@5.1.7","ISC","https://github.com/crypto-browserify/parse-asn1"
"parse-entities@2.0.0","MIT","https://github.com/wooorm/parse-entities"
"parse-json@5.2.0","MIT","https://github.com/sindresorhus/parse-json"
"parse-ms@2.1.0","MIT","https://github.com/sindresorhus/parse-ms"
"parse-numeric-range@1.3.0","ISC","https://github.com/euank/node-parse-numeric-range"
"parse5-htmlparser2-tree-adapter@6.0.1","MIT","https://github.com/inikulin/parse5"
"parse5@6.0.1","MIT","https://github.com/inikulin/parse5"
"path-browserify@1.0.1","MIT","https://github.com/browserify/path-browserify"
"path-parse@1.0.7","MIT","https://github.com/jbgutierrez/path-parse"
"path-to-regexp@1.8.0","MIT","https://github.com/pillarjs/path-to-regexp"
"path-type@4.0.0","MIT","https://github.com/sindresorhus/path-type"
"pbkdf2@3.1.2","MIT","https://github.com/crypto-browserify/pbkdf2"
"picocolors@1.1.0","ISC","https://github.com/alexeyraspopov/picocolors"
"possible-typed-array-names@1.0.0","MIT","https://github.com/ljharb/possible-typed-array-names"
"postcss-value-parser@4.2.0","MIT","https://github.com/TrySound/postcss-value-parser"
"postcss@8.4.47","MIT","https://github.com/postcss/postcss"
"prettier@2.8.8","MIT","https://github.com/prettier/prettier"
"pretty-bytes@5.6.0","MIT","https://github.com/sindresorhus/pretty-bytes"
"pretty-ms@7.0.1","MIT","https://github.com/sindresorhus/pretty-ms"
"prismjs@1.27.0","MIT","https://github.com/PrismJS/prism"
"prismjs@1.29.0","MIT","https://github.com/PrismJS/prism"
"process-nextick-args@2.0.1","MIT","https://github.com/calvinmetcalf/process-nextick-args"
"process@0.11.10","MIT","https://github.com/shtylman/node-process"
"prop-types@15.8.1","MIT","https://github.com/facebook/prop-types"
"property-expr@2.0.6","MIT","https://github.com/jquense/expr"
"property-information@5.6.0","MIT","https://github.com/wooorm/property-information"
"property-information@6.3.0","MIT","https://github.com/wooorm/property-information"
"psl@1.9.0","MIT","https://github.com/lupomontero/psl"
"public-encrypt@4.0.3","MIT","https://github.com/crypto-browserify/publicEncrypt"
"punycode@1.4.1","MIT","https://github.com/bestiejs/punycode.js"
"punycode@2.3.1","MIT","https://github.com/mathiasbynens/punycode.js"
"qs@6.13.0","BSD-3-Clause","https://github.com/ljharb/qs"
"querystring-es3@0.2.1","MIT","https://github.com/mike-spainhower/querystring"
"querystringify@2.2.0","MIT","https://github.com/unshiftio/querystringify"
"raf-schd@4.0.3","MIT","https://github.com/alexreardon/raf-schd"
"randombytes@2.1.0","MIT","https://github.com/crypto-browserify/randombytes"
"randomfill@1.0.4","MIT","https://github.com/crypto-browserify/randomfill"
"react-beautiful-dnd@13.1.1","Apache-2.0","https://github.com/atlassian/react-beautiful-dnd"
"react-clientside-effect@1.2.6","MIT","https://github.com/thekashey/react-clientside-effect"
"react-datepicker@4.25.0","MIT","https://github.com/Hacker0x01/react-datepicker"
"react-day-picker@8.9.1","MIT","https://github.com/gpbl/react-day-picker"
"react-dom@18.2.0","MIT","https://github.com/facebook/react"
"react-draggable@4.4.6","MIT","https://github.com/react-grid-layout/react-draggable"
"react-fast-compare@3.2.2","MIT","https://github.com/FormidableLabs/react-fast-compare"
"react-focus-lock@2.9.6","MIT","https://github.com/theKashey/react-focus-lock"
"react-highlight-words@0.18.0","MIT","https://github.com/bvaughn/react-highlight-words"
"react-hook-form@7.49.3","MIT","https://github.com/react-hook-form/react-hook-form"
"react-icons@4.11.0","MIT","https://github.com/react-icons/react-icons"
"react-is@16.13.1","MIT","https://github.com/facebook/react"
"react-is@17.0.2","MIT","https://github.com/facebook/react"
"react-is@18.2.0","MIT","https://github.com/facebook/react"
"react-markdown@8.0.7","MIT","https://github.com/remarkjs/react-markdown"
"react-onclickoutside@6.13.0","MIT","https://github.com/Pomax/react-onclickoutside"
"react-popper@2.3.0","MIT","https://github.com/popperjs/react-popper"
"react-redux@7.2.9","MIT","https://github.com/reduxjs/react-redux"
"react-remove-scroll-bar@2.3.4","MIT","https://github.com/theKashey/react-remove-scroll-bar"
"react-remove-scroll@2.5.7","MIT","https://github.com/theKashey/react-remove-scroll"
"react-router-dom@5.3.4","MIT","https://github.com/remix-run/react-router"
"react-router@5.3.4","MIT","https://github.com/remix-run/react-router"
"react-select@5.7.7","MIT","https://github.com/JedWatson/react-select/tree/master/packages/react-select"
"react-simple-animate@3.5.2","MIT*","https://github.com/bluebill1049/react-simple-animation"
"react-style-singleton@2.2.1","MIT",""
"react-syntax-highlighter@15.5.0","MIT","https://github.com/react-syntax-highlighter/react-syntax-highlighter"
"react-transition-group@4.4.5","BSD-3-Clause","https://github.com/reactjs/react-transition-group"
"react@18.2.0","MIT","https://github.com/facebook/react"
"readable-stream@2.3.8","MIT","https://github.com/nodejs/readable-stream"
"readable-stream@3.6.2","MIT","https://github.com/nodejs/readable-stream"
"readable-stream@4.5.2","MIT","https://github.com/nodejs/readable-stream"
"redux@4.2.1","MIT","https://github.com/reduxjs/redux"
"refractor@3.6.0","MIT","https://github.com/wooorm/refractor"
"regenerator-runtime@0.14.0","MIT","https://github.com/facebook/regenerator/tree/main/packages/runtime"
"remark-emoji@3.1.2","MIT","https://github.com/rhysd/remark-emoji"
"remark-gfm@3.0.1","MIT","https://github.com/remarkjs/remark-gfm"
"remark-parse@10.0.2","MIT","https://github.com/remarkjs/remark/tree/main/packages/remark-parse"
"remark-prism@1.3.6","BSD-3-Clause","https://github.com/sergioramos/remark-prism"
"remark-rehype@10.1.0","MIT","https://github.com/remarkjs/remark-rehype"
"requires-port@1.0.0","MIT","https://github.com/unshiftio/requires-port"
"resolve-from@4.0.0","MIT","https://github.com/sindresorhus/resolve-from"
"resolve-pathname@3.0.0","MIT","https://github.com/mjackson/resolve-pathname"
"resolve@1.22.8","MIT","https://github.com/browserify/resolve"
"ripemd160@2.0.2","MIT","https://github.com/crypto-browserify/ripemd160"
"sade@1.8.1","MIT","https://github.com/lukeed/sade"
"safe-buffer@5.1.2","MIT","https://github.com/feross/safe-buffer"
"safe-buffer@5.2.1","MIT","https://github.com/feross/safe-buffer"
"safer-buffer@2.1.2","MIT","https://github.com/ChALkeR/safer-buffer"
"saxes@5.0.1","ISC","https://github.com/lddubeau/saxes"
"scheduler@0.23.0","MIT","https://github.com/facebook/react"
"schema-utils@3.3.0","MIT","https://github.com/webpack/schema-utils"
"semver@7.6.3","ISC","https://github.com/npm/node-semver"
"serialize-javascript@6.0.1","BSD-3-Clause","https://github.com/yahoo/serialize-javascript"
"set-function-length@1.2.2","MIT","https://github.com/ljharb/set-function-length"
"setimmediate@1.0.5","MIT","https://github.com/YuzuJS/setImmediate"
"sha.js@2.4.11","(MIT AND BSD-3-Clause)","https://github.com/crypto-browserify/sha.js"
"side-channel@1.0.6","MIT","https://github.com/ljharb/side-channel"
"source-map-js@1.2.1","BSD-3-Clause","https://github.com/7rulnik/source-map-js"
"source-map-support@0.5.21","MIT","https://github.com/evanw/node-source-map-support"
"source-map@0.5.6","BSD-3-Clause","https://github.com/mozilla/source-map"
"source-map@0.5.7","BSD-3-Clause","https://github.com/mozilla/source-map"
"source-map@0.6.1","BSD-3-Clause","https://github.com/mozilla/source-map"
"space-separated-tokens@1.1.5","MIT","https://github.com/wooorm/space-separated-tokens"
"space-separated-tokens@2.0.2","MIT","https://github.com/wooorm/space-separated-tokens"
"stack-generator@2.0.10","MIT","https://github.com/stacktracejs/stack-generator"
"stackframe@1.3.4","MIT","https://github.com/stacktracejs/stackframe"
"stacktrace-gps@3.1.2","MIT","https://github.com/stacktracejs/stacktrace-gps"
"stacktrace-js@2.0.2","MIT","https://github.com/stacktracejs/stacktrace.js"
"state-local@1.0.7","MIT","https://github.com/suren-atoyan/state-local"
"stream-browserify@3.0.0","MIT","https://github.com/browserify/stream-browserify"
"stream-http@3.2.0","MIT","https://github.com/jhiesey/stream-http"
"string_decoder@1.1.1","MIT","https://github.com/nodejs/string_decoder"
"string_decoder@1.3.0","MIT","https://github.com/nodejs/string_decoder"
"style-to-object@0.4.4","MIT","https://github.com/remarkablemark/style-to-object"
"stylis@4.2.0","MIT","https://github.com/thysultan/stylis.js"
"supports-color@5.5.0","MIT","https://github.com/chalk/supports-color"
"supports-color@8.1.1","MIT","https://github.com/chalk/supports-color"
"supports-preserve-symlinks-flag@1.0.0","MIT","https://github.com/inspect-js/node-supports-preserve-symlinks-flag"
"symbol-tree@3.2.4","MIT","https://github.com/jsdom/js-symbol-tree"
"tapable@2.2.1","MIT","https://github.com/webpack/tapable"
"terser-webpack-plugin@5.3.9","MIT","https://github.com/webpack-contrib/terser-webpack-plugin"
"terser@5.22.0","BSD-2-Clause","https://github.com/terser/terser"
"timers-browserify@2.0.12","MIT","https://github.com/jryans/timers-browserify"
"tiny-case@1.0.3","MIT","https://github.com/jquense/tiny-case"
"tiny-invariant@1.3.1","MIT","https://github.com/alexreardon/tiny-invariant"
"tiny-warning@1.0.3","MIT","https://github.com/alexreardon/tiny-warning"
"to-fast-properties@2.0.0","MIT","https://github.com/sindresorhus/to-fast-properties"
"toggle-selection@1.0.6","MIT","https://github.com/sudodoki/toggle-selection"
"toposort@2.0.2","MIT","https://github.com/marcelklehr/toposort"
"tough-cookie@4.1.3","BSD-3-Clause","https://github.com/salesforce/tough-cookie"
"tr46@2.1.0","MIT","https://github.com/jsdom/tr46"
"trim-lines@3.0.1","MIT","https://github.com/wooorm/trim-lines"
"trough@2.1.0","MIT","https://github.com/wooorm/trough"
"tslib@2.4.0","0BSD","https://github.com/Microsoft/tslib"
"tslib@2.6.2","0BSD","https://github.com/Microsoft/tslib"
"tty-browserify@0.0.1","MIT","https://github.com/browserify/tty-browserify"
"type-fest@2.19.0","(MIT OR CC0-1.0)","https://github.com/sindresorhus/type-fest"
"type-fest@4.25.0","(MIT OR CC0-1.0)","https://github.com/sindresorhus/type-fest"
"unified@10.1.2","MIT","https://github.com/unifiedjs/unified"
"unist-util-generated@2.0.1","MIT","https://github.com/syntax-tree/unist-util-generated"
"unist-util-is@5.2.1","MIT","https://github.com/syntax-tree/unist-util-is"
"unist-util-map@2.0.1","MIT","https://github.com/syntax-tree/unist-util-map"
"unist-util-position@4.0.4","MIT","https://github.com/syntax-tree/unist-util-position"
"unist-util-stringify-position@3.0.3","MIT","https://github.com/syntax-tree/unist-util-stringify-position"
"unist-util-visit-parents@5.1.3","MIT","https://github.com/syntax-tree/unist-util-visit-parents"
"unist-util-visit@4.1.2","MIT","https://github.com/syntax-tree/unist-util-visit"
"universalify@0.2.0","MIT","https://github.com/RyanZim/universalify"
"update-browserslist-db@1.1.0","MIT","https://github.com/browserslist/update-db"
"uri-js@4.4.1","BSD-2-Clause","https://github.com/garycourt/uri-js"
"url-parse@1.5.10","MIT","https://github.com/unshiftio/url-parse"
"url@0.11.4","MIT","https://github.com/defunctzombie/node-url"
"use-callback-ref@1.3.1","MIT","https://github.com/theKashey/use-callback-ref"
"use-deep-compare-effect@1.8.1","MIT","https://github.com/kentcdodds/use-deep-compare-effect"
"use-isomorphic-layout-effect@1.1.2","MIT","https://github.com/Andarist/use-isomorphic-layout-effect"
"use-memo-one@1.1.3","MIT","https://github.com/alexreardon/use-memo-one"
"use-sidecar@1.1.2","MIT","https://github.com/theKashey/use-sidecar"
"use-sync-external-store@1.2.0","MIT","https://github.com/facebook/react"
"util-deprecate@1.0.2","MIT","https://github.com/TooTallNate/util-deprecate"
"util@0.12.5","MIT","https://github.com/browserify/node-util"
"uuid@8.3.2","MIT","https://github.com/uuidjs/uuid"
"uvu@0.5.6","MIT","https://github.com/lukeed/uvu"
"value-equal@1.0.1","MIT","https://github.com/mjackson/value-equal"
"vfile-message@3.1.4","MIT","https://github.com/vfile/vfile-message"
"vfile@5.3.7","MIT","https://github.com/vfile/vfile"
"vm-browserify@1.1.2","MIT","https://github.com/substack/vm-browserify"
"vscode-jsonrpc@8.2.0","MIT","https://github.com/Microsoft/vscode-languageserver-node"
"vscode-languageserver-protocol@3.17.5","MIT","https://github.com/Microsoft/vscode-languageserver-node"
"vscode-languageserver-textdocument@1.0.11","MIT","https://github.com/Microsoft/vscode-languageserver-node"
"vscode-languageserver-types@3.17.5","MIT","https://github.com/Microsoft/vscode-languageserver-node"
"vscode-uri@3.0.8","MIT","https://github.com/microsoft/vscode-uri"
"w3c-hr-time@1.0.2","MIT","https://github.com/jsdom/w3c-hr-time"
"w3c-xmlserializer@2.0.0","MIT","https://github.com/jsdom/w3c-xmlserializer"
"warning@4.0.3","MIT","https://github.com/BerkeleyTrue/warning"
"watchpack@2.4.0","MIT","https://github.com/webpack/watchpack"
"webidl-conversions@5.0.0","BSD-2-Clause","https://github.com/jsdom/webidl-conversions"
"webidl-conversions@6.1.0","BSD-2-Clause","https://github.com/jsdom/webidl-conversions"
"webpack-sources@3.2.3","MIT","https://github.com/webpack/webpack-sources"
"webpack@5.89.0","MIT","https://github.com/webpack/webpack"
"whatwg-encoding@1.0.5","MIT","https://github.com/jsdom/whatwg-encoding"
"whatwg-mimetype@2.3.0","MIT","https://github.com/jsdom/whatwg-mimetype"
"whatwg-url@8.7.0","MIT","https://github.com/jsdom/whatwg-url"
"which-typed-array@1.1.15","MIT","https://github.com/inspect-js/which-typed-array"
"ws@7.5.9","MIT","https://github.com/websockets/ws"
"xml-name-validator@3.0.0","Apache-2.0","https://github.com/jsdom/xml-name-validator"
"xmlchars@2.2.0","MIT","https://github.com/lddubeau/xmlchars"
"xtend@4.0.2","MIT","https://github.com/Raynos/xtend"
"yaml@1.10.2","ISC","https://github.com/eemeli/yaml"
"yaml@2.4.2","ISC","https://github.com/eemeli/yaml"
"yup@1.3.3","MIT","https://github.com/jquense/yup"
"zustand@4.5.2","MIT","https://github.com/pmndrs/zustand"
"zwitch@2.0.4","MIT","https://github.com/wooorm/zwitch"
